{
  "train": {
    "accuracy": 0.4964396513517506,
    "report": {
      "0": {
        "precision": 1.0,
        "recall": 0.00017599436818021823,
        "f1-score": 0.00035192679922576106,
        "support": 17046.0
      },
      "1": {
        "precision": 0.4963950121151232,
        "recall": 1.0,
        "f1-score": 0.6634545131415256,
        "support": 16799.0
      },
      "accuracy": 0.4964396513517506,
      "macro avg": {
        "precision": 0.7481975060575616,
        "recall": 0.5000879971840901,
        "f1-score": 0.3319032199703757,
        "support": 33845.0
      },
      "weighted avg": {
        "precision": 0.7500351546320566,
        "recall": 0.4964396513517506,
        "f1-score": 0.3294835665677084,
        "support": 33845.0
      }
    },
    "confusion_matrix": {
      "0": {
        "0": 3,
        "1": 0
      },
      "1": {
        "0": 17043,
        "1": 16799
      }
    }
  },
  "validation": {
    "accuracy": 0.5130084279956028,
    "report": {
      "0": {
        "precision": 0.0,
        "recall": 0.0,
        "f1-score": 0.0,
        "support": 5316.0
      },
      "1": {
        "precision": 0.5130084279956028,
        "recall": 1.0,
        "f1-score": 0.6781302978929523,
        "support": 5600.0
      },
      "accuracy": 0.5130084279956028,
      "macro avg": {
        "precision": 0.2565042139978014,
        "recall": 0.5,
        "f1-score": 0.33906514894647616,
        "support": 10916.0
      },
      "weighted avg": {
        "precision": 0.2631776471945195,
        "recall": 0.5130084279956028,
        "f1-score": 0.3478865580982533,
        "support": 10916.0
      }
    },
    "confusion_matrix": {
      "1": {
        "0": 5316,
        "1": 5600
      }
    }
  },
  "test": {
    "accuracy": 0.5120923415170392,
    "report": {
      "0": {
        "precision": 0.0,
        "recall": 0.0,
        "f1-score": 0.0,
        "support": 5326.0
      },
      "1": {
        "precision": 0.5120923415170392,
        "recall": 1.0,
        "f1-score": 0.6773294559554102,
        "support": 5590.0
      },
      "accuracy": 0.5120923415170392,
      "macro avg": {
        "precision": 0.2560461707585196,
        "recall": 0.5,
        "f1-score": 0.3386647279777051,
        "support": 10916.0
      },
      "weighted avg": {
        "precision": 0.2622385662404039,
        "recall": 0.5120923415170392,
        "f1-score": 0.3468552270786683,
        "support": 10916.0
      }
    },
    "confusion_matrix": {
      "1": {
        "0": 5326,
        "1": 5590
      }
    }
  }
}