{
  "loss": 0.43316781520843506,
  "accuracy": 0.8053316473960876,
  "auc": 0.8689311146736145,
  "precision": 0.8366038203239441,
  "recall": 0.7703041434288025,
  "f1_score": 0.8020862438297476,
  "classification_report": {
    "0": {
      "precision": 0.7774310972438897,
      "recall": 0.84209538114908,
      "f1-score": 0.8084722848129788,
      "support": 5326.0
    },
    "1": {
      "precision": 0.8366038469011075,
      "recall": 0.770304114490161,
      "f1-score": 0.8020862438297476,
      "support": 5590.0
    },
    "accuracy": 0.80533162330524,
    "macro avg": {
      "precision": 0.8070174720724985,
      "recall": 0.8061997478196206,
      "f1-score": 0.8052792643213632,
      "support": 10916.0
    },
    "weighted avg": {
      "precision": 0.8077330091698559,
      "recall": 0.80533162330524,
      "f1-score": 0.8052020421328522,
      "support": 10916.0
    }
  }
}