{
  "accuracy": [
    0.8026296496391296,
    0.8414832353591919,
    0.8474220633506775,
    0.8538927435874939,
    0.8588565587997437,
    0.8649135828018188,
    0.8752843737602234,
    0.8822869062423706,
    0.888846218585968
  ],
  "auc": [
    0.880100667476654,
    0.9130248427391052,
    0.9187589287757874,
    0.9233565330505371,
    0.9300224184989929,
    0.9368493556976318,
    0.9466400742530823,
    0.9532779455184937,
    0.9565740823745728
  ],
  "loss": [
    0.43180227279663086,
    0.36491841077804565,
    0.35130494832992554,
    0.3403396010398865,
    0.3266073167324066,
    0.31286755204200745,
    0.2897859513759613,
    0.272434800863266,
    0.263348251581192
  ],
  "precision": [
    0.8176282048225403,
    0.8741492033004761,
    0.8854435682296753,
    0.8941348791122437,
    0.8972901701927185,
    0.897781252861023,
    0.9058990478515625,
    0.9102900624275208,
    0.9165441989898682
  ],
  "recall": [
    0.7752842307090759,
    0.795106828212738,
    0.7955235242843628,
    0.8004047870635986,
    0.8081433176994324,
    0.8213584423065186,
    0.8355259299278259,
    0.8462408185005188,
    0.8538008332252502
  ],
  "val_accuracy": [
    0.7431293725967407,
    0.7161048054695129,
    0.7161048054695129,
    0.7464272379875183,
    0.755679726600647,
    0.8083547353744507,
    0.8054232597351074,
    0.7871015071868896,
    0.8016672730445862
  ],
  "val_auc": [
    0.8306435346603394,
    0.8447833061218262,
    0.8144000768661499,
    0.8179854154586792,
    0.8184807896614075,
    0.870868444442749,
    0.8486731052398682,
    0.8330409526824951,
    0.8415873050689697
  ],
  "val_loss": [
    0.5219612717628479,
    0.5515061020851135,
    0.7222827672958374,
    0.516802191734314,
    0.5319145917892456,
    0.4278571605682373,
    0.44238582253456116,
    0.47173091769218445,
    0.45070138573646545
  ],
  "val_precision": [
    0.8460395932197571,
    0.8983752727508545,
    0.6872847080230713,
    0.7857142686843872,
    0.8078941702842712,
    0.8420436978340149,
    0.8697872161865234,
    0.8476231098175049,
    0.8826019167900085
  ],
  "val_recall": [
    0.6103571653366089,
    0.5035714507102966,
    0.8194642663002014,
    0.6953571438789368,
    0.6871428489685059,
    0.7710714340209961,
    0.7300000190734863,
    0.7132142782211304,
    0.7074999809265137
  ]
}