{
  "train": {
    "0": {
      "precision": 0.87256627727103,
      "recall": 0.9596386248973366,
      "f1-score": 0.9140334702316095,
      "support": 17046.0
    },
    "1": {
      "precision": 0.954431050470261,
      "recall": 0.8577891541163164,
      "f1-score": 0.903533247640844,
      "support": 16799.0
    },
    "accuracy": 0.9090855370069434,
    "macro avg": {
      "precision": 0.9134986638706455,
      "recall": 0.9087138895068265,
      "f1-score": 0.9087833589362267,
      "support": 33845.0
    },
    "weighted avg": {
      "precision": 0.9131999402928613,
      "recall": 0.9090855370069434,
      "f1-score": 0.9088216741228116,
      "support": 33845.0
    }
  },
  "validation": {
    "0": {
      "precision": 0.7608598298253471,
      "recall": 0.958803611738149,
      "f1-score": 0.8484394506866417,
      "support": 5316.0
    },
    "1": {
      "precision": 0.9480673464548257,
      "recall": 0.7139285714285715,
      "f1-score": 0.8145054497300601,
      "support": 5600.0
    },
    "accuracy": 0.8331806522535727,
    "macro avg": {
      "precision": 0.8544635881400864,
      "recall": 0.8363660915833602,
      "f1-score": 0.8314724502083509,
      "support": 10916.0
    },
    "weighted avg": {
      "precision": 0.8568988636403965,
      "recall": 0.8331806522535727,
      "f1-score": 0.8310310222003046,
      "support": 10916.0
    }
  },
  "test": {
    "0": {
      "precision": 0.7603948549207299,
      "recall": 0.9545625234697709,
      "f1-score": 0.8464868464868465,
      "support": 5326.0
    },
    "1": {
      "precision": 0.9427895981087471,
      "recall": 0.7134168157423971,
      "f1-score": 0.8122199592668025,
      "support": 5590.0
    },
    "accuracy": 0.8310736533528765,
    "macro avg": {
      "precision": 0.8515922265147384,
      "recall": 0.833989669606084,
      "f1-score": 0.8293534028768245,
      "support": 10916.0
    },
    "weighted avg": {
      "precision": 0.8537978060402807,
      "recall": 0.8310736533528765,
      "f1-score": 0.8289390359738337,
      "support": 10916.0
    }
  }
}