{
  "train": {
    "accuracy": 0.8907371842221894,
    "report": {
      "0": {
        "precision": 0.9015160630489713,
        "recall": 0.8790918690601901,
        "f1-score": 0.8901627658310562,
        "support": 17046.0
      },
      "1": {
        "precision": 0.880334436509319,
        "recall": 0.9025537234359188,
        "f1-score": 0.8913056257715596,
        "support": 16799.0
      },
      "accuracy": 0.8907371842221894,
      "macro avg": {
        "precision": 0.8909252497791451,
        "recall": 0.8908227962480544,
        "f1-score": 0.890734195801308,
        "support": 33845.0
      },
      "weighted avg": {
        "precision": 0.8910025412809223,
        "recall": 0.8907371842221894,
        "f1-score": 0.8907300255190609,
        "support": 33845.0
      }
    },
    "confusion_matrix": {
      "0": {
        "0": 14985,
        "1": 1637
      },
      "1": {
        "0": 2061,
        "1": 15162
      }
    }
  },
  "validation": {
    "accuracy": 0.6136863319897399,
    "report": {
      "0": {
        "precision": 0.6348466257668711,
        "recall": 0.4866440933032355,
        "f1-score": 0.5509530401448195,
        "support": 5316.0
      },
      "1": {
        "precision": 0.6010817131998246,
        "recall": 0.7342857142857143,
        "f1-score": 0.6610401093159713,
        "support": 5600.0
      },
      "accuracy": 0.6136863319897399,
      "macro avg": {
        "precision": 0.6179641694833479,
        "recall": 0.6104649037944749,
        "f1-score": 0.6059965747303955,
        "support": 10916.0
      },
      "weighted avg": {
        "precision": 0.6175249410494417,
        "recall": 0.6136863319897399,
        "f1-score": 0.6074286344429553,
        "support": 10916.0
      }
    },
    "confusion_matrix": {
      "0": {
        "0": 2587,
        "1": 1488
      },
      "1": {
        "0": 2729,
        "1": 4112
      }
    }
  },
  "test": {
    "accuracy": 0.61066324661048,
    "report": {
      "0": {
        "precision": 0.63134765625,
        "recall": 0.485542621104018,
        "f1-score": 0.5489280407556782,
        "support": 5326.0
      },
      "1": {
        "precision": 0.5982404692082112,
        "recall": 0.7298747763864043,
        "f1-score": 0.6575342465753424,
        "support": 5590.0
      },
      "accuracy": 0.61066324661048,
      "macro avg": {
        "precision": 0.6147940627291055,
        "recall": 0.6077086987452112,
        "f1-score": 0.6032311436655103,
        "support": 10916.0
      },
      "weighted avg": {
        "precision": 0.6143937193167277,
        "recall": 0.61066324661048,
        "f1-score": 0.6045444469971516,
        "support": 10916.0
      }
    },
    "confusion_matrix": {
      "0": {
        "0": 2586,
        "1": 1510
      },
      "1": {
        "0": 2740,
        "1": 4080
      }
    }
  },
  "features": [
    "help",
    "office",
    "dance",
    "money",
    "wedding",
    "domestic_work",
    "sleep",
    "medical_emergency",
    "cold",
    "hate",
    "cheerfulness",
    "aggression",
    "occupation",
    "envy",
    "anticipation",
    "family",
    "vacation",
    "crime",
    "attractive",
    "masculine",
    "prison",
    "health",
    "pride",
    "dispute",
    "nervousness",
    "government",
    "weakness",
    "horror",
    "swearing_terms",
    "leisure",
    "suffering",
    "royalty",
    "wealthy",
    "tourism",
    "furniture",
    "school",
    "magic",
    "beach",
    "journalism",
    "morning",
    "banking",
    "social_media",
    "exercise",
    "night",
    "kill",
    "blue_collar_job",
    "art",
    "ridicule",
    "play",
    "computer",
    "college",
    "optimism",
    "stealing",
    "real_estate",
    "home",
    "divine",
    "sexual",
    "fear",
    "irritability",
    "superhero",
    "business",
    "driving",
    "pet",
    "childish",
    "cooking",
    "exasperation",
    "religion",
    "hipster",
    "internet",
    "surprise",
    "reading",
    "worship",
    "leader",
    "independence",
    "movement",
    "body",
    "noise",
    "eating",
    "medieval",
    "zest",
    "confusion",
    "water",
    "sports",
    "death",
    "healing",
    "legend",
    "heroic",
    "celebration",
    "restaurant",
    "violence",
    "programming",
    "dominant_heirarchical",
    "military",
    "neglect",
    "swimming",
    "exotic",
    "love",
    "hiking",
    "communication",
    "hearing",
    "order",
    "sympathy",
    "hygiene",
    "weather",
    "anonymity",
    "trust",
    "ancient",
    "deception",
    "fabric",
    "air_travel",
    "fight",
    "dominant_personality",
    "music",
    "vehicle",
    "politeness",
    "toy",
    "farming",
    "meeting",
    "war",
    "speaking",
    "listen",
    "urban",
    "shopping",
    "disgust",
    "fire",
    "tool",
    "phone",
    "gain",
    "sound",
    "injury",
    "sailing",
    "rage",
    "science",
    "work",
    "appearance",
    "valuable",
    "warmth",
    "youth",
    "sadness",
    "fun",
    "emotional",
    "joy",
    "affection",
    "traveling",
    "fashion",
    "ugliness",
    "lust",
    "shame",
    "torment",
    "economics",
    "anger",
    "politics",
    "ship",
    "clothing",
    "car",
    "strength",
    "technology",
    "breaking",
    "shape_and_size",
    "power",
    "white_collar_job",
    "animal",
    "party",
    "terrorism",
    "smell",
    "disappointment",
    "poor",
    "plant",
    "pain",
    "beauty",
    "timidity",
    "philosophy",
    "negotiate",
    "negative_emotion",
    "cleaning",
    "messaging",
    "competing",
    "law",
    "friends",
    "payment",
    "achievement",
    "alcohol",
    "liquid",
    "feminine",
    "weapon",
    "children",
    "monster",
    "ocean",
    "giving",
    "contentment",
    "writing",
    "rural",
    "positive_emotion",
    "musical",
    "ai_content",
    "human_content"
  ],
  "feature_importances": {
    "help": 0.00477186215926802,
    "office": 0.003153840701008062,
    "dance": 0.0008266501792691048,
    "money": 0.0040069719614474735,
    "wedding": 0.003207300032455057,
    "domestic_work": 0.002872983978696185,
    "sleep": 0.016708980525191052,
    "medical_emergency": 0.0020498887046057923,
    "cold": 0.003283844115038081,
    "hate": 0.0012249615714816139,
    "cheerfulness": 0.0,
    "aggression": 0.11658446097339327,
    "occupation": 0.0021610575193727498,
    "envy": 6.575380603914849e-05,
    "anticipation": 0.0,
    "family": 0.005161207506018863,
    "vacation": 0.02138051241898222,
    "crime": 0.0017730995215344358,
    "attractive": 0.007780005703387182,
    "masculine": 0.0012198024759886028,
    "prison": 0.0005848652913552412,
    "health": 0.002895740549429493,
    "pride": 0.0003255917007030708,
    "dispute": 0.04518871580094195,
    "nervousness": 0.0009590249537610933,
    "government": 0.016524270472642065,
    "weakness": 0.0003561961316356919,
    "horror": 0.0,
    "swearing_terms": 0.0009360128069077082,
    "leisure": 0.001274844844764591,
    "suffering": 0.001680903636882937,
    "royalty": 0.004548005455865114,
    "wealthy": 0.001154310813479567,
    "tourism": 0.0005804020140089454,
    "furniture": 0.0014740770967391994,
    "school": 0.007667080276946905,
    "magic": 0.0,
    "beach": 0.0015966765497626878,
    "journalism": 0.058109999948198904,
    "morning": 0.0024545534244762727,
    "banking": 0.0013239953054996988,
    "social_media": 0.01794307852180736,
    "exercise": 0.0015640619171874964,
    "night": 0.0014847823450250066,
    "kill": 0.0001892173811006147,
    "blue_collar_job": 0.0006958548148950352,
    "art": 0.0023777824857394796,
    "ridicule": 0.0,
    "play": 0.006093620125119852,
    "computer": 0.004842064053815575,
    "college": 0.005738575842687015,
    "optimism": 0.005074156728375076,
    "stealing": 0.001218381439548347,
    "real_estate": 0.0026941259889912534,
    "home": 0.009970068355320287,
    "divine": 0.0006460768452750986,