{
  "train": {
    "accuracy": 0.5792288373467277,
    "report": {
      "0": {
        "precision": 0.5762933144753305,
        "recall": 0.6214947788337439,
        "f1-score": 0.5980411527279912,
        "support": 17046.0
      },
      "1": {
        "precision": 0.5827189238132195,
        "recall": 0.5363414488957676,
        "f1-score": 0.5585691702055113,
        "support": 16799.0
      },
      "accuracy": 0.5792288373467277,
      "macro avg": {
        "precision": 0.579506119144275,
        "recall": 0.5789181138647558,
        "f1-score": 0.5783051614667513,
        "support": 33845.0
      },
      "weighted avg": {
        "precision": 0.579482672172692,
        "recall": 0.5792288373467277,
        "f1-score": 0.5784491942586414,
        "support": 33845.0
      }
    },
    "confusion_matrix": {
      "0": {
        "0": 10594,
        "1": 7789
      },
      "1": {
        "0": 6452,
        "1": 9010
      }
    }
  },
  "validation": {
    "accuracy": 0.7183034078417002,
    "report": {
      "0": {
        "precision": 0.7262265293761356,
        "recall": 0.6766365688487584,
        "f1-score": 0.7005550686532281,
        "support": 5316.0
      },
      "1": {
        "precision": 0.7117222874392084,
        "recall": 0.7578571428571429,
        "f1-score": 0.7340655539219926,
        "support": 5600.0
      },
      "accuracy": 0.7183034078417002,
      "macro avg": {
        "precision": 0.718974408407672,
        "recall": 0.7172468558529507,
        "f1-score": 0.7173103112876104,
        "support": 10916.0
      },
      "weighted avg": {
        "precision": 0.7187857310208047,
        "recall": 0.7183034078417002,
        "f1-score": 0.7177462300223267,
        "support": 10916.0
      }
    },
    "confusion_matrix": {
      "0": {
        "0": 3597,
        "1": 1356
      },
      "1": {
        "0": 1719,
        "1": 4244
      }
    }
  },
  "test": {
    "accuracy": 0.711066324661048,
    "report": {
      "0": {
        "precision": 0.7157330154946365,
        "recall": 0.6764926774314682,
        "f1-score": 0.6955598455598455,
        "support": 5326.0
      },
      "1": {
        "precision": 0.7070724243454607,
        "recall": 0.7440071556350626,
        "f1-score": 0.7250697350069735,
        "support": 5590.0
      },
      "accuracy": 0.711066324661048,
      "macro avg": {
        "precision": 0.7114027199200486,
        "recall": 0.7102499165332654,
        "f1-score": 0.7103147902834095,
        "support": 10916.0
      },
      "weighted avg": {
        "precision": 0.7112979930941333,
        "recall": 0.711066324661048,
        "f1-score": 0.7106716339447342,
        "support": 10916.0
      }
    },
    "confusion_matrix": {
      "0": {
        "0": 3603,
        "1": 1431
      },
      "1": {
        "0": 1723,
        "1": 4159
      }
    }
  }
}