{
  "train": {
    "accuracy": 0.7719013148175506,
    "report": {
      "0": {
        "precision": 0.6991883810337463,
        "recall": 0.9602252727912707,
        "f1-score": 0.8091754004350405,
        "support": 17046.0
      },
      "1": {
        "precision": 0.935026353617633,
        "recall": 0.5808083814512769,
        "f1-score": 0.7165308070793861,
        "support": 16799.0
      },
      "accuracy": 0.7719013148175506,
      "macro avg": {
        "precision": 0.8171073673256897,
        "recall": 0.7705168271212738,
        "f1-score": 0.7628531037572133,
        "support": 33845.0
      },
      "weighted avg": {
        "precision": 0.816246797385843,
        "recall": 0.7719013148175506,
        "f1-score": 0.7631911627697535,
        "support": 33845.0
      }
    },
    "confusion_matrix": {
      "0": {
        "0": 16368,
        "1": 7042
      },
      "1": {
        "0": 678,
        "1": 9757
      }
    }
  },
  "validation": {
    "accuracy": 0.6665445218028582,
    "report": {
      "0": {
        "precision": 0.6767186840995361,
        "recall": 0.6036493604213694,
        "f1-score": 0.6380990256512229,
        "support": 5316.0
      },
      "1": {
        "precision": 0.6587301587301587,
        "recall": 0.72625,
        "f1-score": 0.6908442330558858,
        "support": 5600.0
      },
      "accuracy": 0.6665445218028582,
      "macro avg": {
        "precision": 0.6677244214148474,
        "recall": 0.6649496802106847,
        "f1-score": 0.6644716293535544,
        "support": 10916.0
      },
      "weighted avg": {
        "precision": 0.6674904189778328,
        "recall": 0.6665445218028581,
        "f1-score": 0.665157761586191,
        "support": 10916.0
      }
    },
    "confusion_matrix": {
      "0": {
        "0": 3209,
        "1": 1533
      },
      "1": {
        "0": 2107,
        "1": 4067
      }
    }
  },
  "test": {
    "accuracy": 0.66599486991572,
    "report": {
      "0": {
        "precision": 0.6764705882352942,
        "recall": 0.6045812992865189,
        "f1-score": 0.6385088241126313,
        "support": 5326.0
      },
      "1": {
        "precision": 0.6578947368421053,
        "recall": 0.7245080500894454,
        "f1-score": 0.6895964583688065,
        "support": 5590.0
      },
      "accuracy": 0.66599486991572,
      "macro avg": {
        "precision": 0.6671826625386997,
        "recall": 0.6645446746879822,
        "f1-score": 0.6640526412407188,
        "support": 10916.0
      },
      "weighted avg": {
        "precision": 0.6669580369996835,
        "recall": 0.66599486991572,
        "f1-score": 0.6646704103614421,
        "support": 10916.0
      }
    },
    "confusion_matrix": {
      "0": {
        "0": 3220,
        "1": 1540
      },
      "1": {
        "0": 2106,
        "1": 4050
      }
    }
  }
}